packet_id,priority,class,file
-2141998253,60,§5214232851232864123423632234§,C:\Users\Oleh\Documents\ProTanki-security\artifacts\swf\decompiled_library\scripts\§implements switch switch§\§5214232851232864123423632234§.as
-2135234426,30,§5214234580234593123423632234§,C:\Users\Oleh\Documents\ProTanki-security\artifacts\swf\decompiled_library\scripts\§5214238160238173123423632234§\§5214234580234593123423632234§.as
-2133657895,32,§5214238236238249123423632234§,C:\Users\Oleh\Documents\ProTanki-security\artifacts\swf\decompiled_library\scripts\§521423125662312579123423632234§\§5214238236238249123423632234§.as
-2124388778,58,§5214231339231352123423632234§,C:\Users\Oleh\Documents\ProTanki-security\artifacts\swf\decompiled_library\scripts\§5214237549237562123423632234§\§5214231339231352123423632234§.as
-2123941185,56,§throw const null§,C:\Users\Oleh\Documents\ProTanki-security\artifacts\swf\decompiled_library\scripts\§521423131802313193123423632234§\§throw const null§.as
-2118900410,9,§521423118032311816123423632234§,C:\Users\Oleh\Documents\ProTanki-security\artifacts\swf\decompiled_library\scripts\§521423122732312286123423632234§\§521423118032311816123423632234§.as
-2102525054,43,§521423119772311990123423632234§,C:\Users\Oleh\Documents\ProTanki-security\artifacts\swf\decompiled_library\scripts\§default set include§\§521423119772311990123423632234§.as
-2089008699,13,§default catch§,C:\Users\Oleh\Documents\ProTanki-security\artifacts\swf\decompiled_library\scripts\§else var set§\§default catch§.as
-2069508071,18,§5214237512237525123423632234§,C:\Users\Oleh\Documents\ProTanki-security\artifacts\swf\decompiled_library\scripts\§if set case§\§5214237512237525123423632234§.as
-2053489715,79,§null catch null§,C:\Users\Oleh\Documents\ProTanki-security\artifacts\swf\decompiled_library\scripts\§5214233704233717123423632234§\§null catch null§.as
-2040152224,18,§5214236085236098123423632234§,C:\Users\Oleh\Documents\ProTanki-security\artifacts\swf\decompiled_library\scripts\§if set case§\§5214236085236098123423632234§.as
-2030760866,50,§5214239771239784123423632234§,C:\Users\Oleh\Documents\ProTanki-security\artifacts\swf\decompiled_library\scripts\§extends use switch§\§5214239771239784123423632234§.as
-2026749922,36,§5214234868234881123423632234§,C:\Users\Oleh\Documents\ProTanki-security\artifacts\swf\decompiled_library\scripts\§function use super§\§5214234868234881123423632234§.as
-2002206647,79,§52142327323286123423632234§,C:\Users\Oleh\Documents\ProTanki-security\artifacts\swf\decompiled_library\scripts\§5214233704233717123423632234§\§52142327323286123423632234§.as
-2001666558,34,§521423126822312695123423632234§,C:\Users\Oleh\Documents\ProTanki-security\artifacts\swf\decompiled_library\scripts\§521423114382311451123423632234§\§521423126822312695123423632234§.as
-1994318624,39,§5214239500239513123423632234§,C:\Users\Oleh\Documents\ProTanki-security\artifacts\swf\decompiled_library\scripts\§5214237221237234123423632234§\§5214239500239513123423632234§.as
-1986638927,57,§5214233173233186123423632234§,C:\Users\Oleh\Documents\ProTanki-security\artifacts\swf\decompiled_library\scripts\§5214232554232567123423632234§\§5214233173233186123423632234§.as
-1968445033,34,§,C:\Users\Oleh\Documents\ProTanki-security\artifacts\swf\decompiled_library\scripts\§521423114382311451123423632234§\§extends var implements§.as
-1967950183,3,§521423103062310319123423632234§,C:\Users\Oleh\Documents\ProTanki-security\artifacts\swf\decompiled_library\scripts\§throw package override§\§521423103062310319123423632234§.as
-1961983005,34,§5214239417239430123423632234§,C:\Users\Oleh\Documents\ProTanki-security\artifacts\swf\decompiled_library\scripts\§521423114382311451123423632234§\§5214239417239430123423632234§.as
-1959138292,48,§5214231339231352123423632234§,C:\Users\Oleh\Documents\ProTanki-security\artifacts\swf\decompiled_library\scripts\§null in§\§5214231339231352123423632234§.as
-1940289099,71,§5214237629237642123423632234§,C:\Users\Oleh\Documents\ProTanki-security\artifacts\swf\decompiled_library\scripts\§521423107152310728123423632234§\§5214237629237642123423632234§.as
-1926185291,13,§package switch use§,C:\Users\Oleh\Documents\ProTanki-security\artifacts\swf\decompiled_library\scripts\§else var set§\§package switch use§.as
-1923286328,0,§var switch§,C:\Users\Oleh\Documents\ProTanki-security\artifacts\swf\decompiled_library\scripts\§while var else§\§var switch§.as
-1922978824,79,§else catch set§,C:\Users\Oleh\Documents\ProTanki-security\artifacts\swf\decompiled_library\scripts\§5214233704233717123423632234§\§else catch set§.as
-1907971330,53,§for var super§,C:\Users\Oleh\Documents\ProTanki-security\artifacts\swf\decompiled_library\scripts\§5214238669238682123423632234§\§for var super§.as
-1897104567,22,§override set break§,C:\Users\Oleh\Documents\ProTanki-security\artifacts\swf\decompiled_library\scripts\§5214236404236417123423632234§\§override set break§.as
-1895446889,18,§5214239014239027123423632234§,C:\Users\Oleh\Documents\ProTanki-security\artifacts\swf\decompiled_library\scripts\§if set case§\§5214239014239027123423632234§.as
-1889502569,74,§5214232923232936123423632234§,C:\Users\Oleh\Documents\ProTanki-security\artifacts\swf\decompiled_library\scripts\§catch super§\§5214232923232936123423632234§.as
-1885167992,13,§import package include§,C:\Users\Oleh\Documents\ProTanki-security\artifacts\swf\decompiled_library\scripts\§else var set§\§import package include§.as
-1879289905,79,§521423111272311140123423632234§,C:\Users\Oleh\Documents\ProTanki-security\artifacts\swf\decompiled_library\scripts\§5214233704233717123423632234§\§521423111272311140123423632234§.as
-1870108387,42,§521423112324123423632234§,C:\Users\Oleh\Documents\ProTanki-security\artifacts\swf\decompiled_library\scripts\§extends use finally§\§521423112324123423632234§.as
-1864333717,4,§5214231488231501123423632234§,C:\Users\Oleh\Documents\ProTanki-security\artifacts\swf\decompiled_library\scripts\§521423113572311370123423632234§\§5214231488231501123423632234§.as
-1859441081,16,§5214233444233457123423632234§,C:\Users\Oleh\Documents\ProTanki-security\artifacts\swf\decompiled_library\scripts\§52142339423407123423632234§\§5214233444233457123423632234§.as
-1851236532,15,§native set static§,C:\Users\Oleh\Documents\ProTanki-security\artifacts\swf\decompiled_library\scripts\§false set while§\§native set static§.as
-1850050333,16,§52142359923612123423632234§,C:\Users\Oleh\Documents\ProTanki-security\artifacts\swf\decompiled_library\scripts\§52142339423407123423632234§\§52142359923612123423632234§.as
-1848001147,31,§null finally dynamic§,C:\Users\Oleh\Documents\ProTanki-security\artifacts\swf\decompiled_library\scripts\§false catch native§\§null finally dynamic§.as
-1832611824,42,§5214237629237642123423632234§,C:\Users\Oleh\Documents\ProTanki-security\artifacts\swf\decompiled_library\scripts\§extends use finally§\§5214237629237642123423632234§.as
-1823935471,53,§52142328623299123423632234§,C:\Users\Oleh\Documents\ProTanki-security\artifacts\swf\decompiled_library\scripts\§5214238669238682123423632234§\§52142328623299123423632234§.as
-1807685988,4,§5214239780239793123423632234§,C:\Users\Oleh\Documents\ProTanki-security\artifacts\swf\decompiled_library\scripts\§521423113572311370123423632234§\§5214239780239793123423632234§.as
-1805942142,51,§include for if§,C:\Users\Oleh\Documents\ProTanki-security\artifacts\swf\decompiled_library\scripts\§521423130102313023123423632234§\§include for if§.as
-1797047325,4,§5214233692233705123423632234§,C:\Users\Oleh\Documents\ProTanki-security\artifacts\swf\decompiled_library\scripts\§521423113572311370123423632234§\§5214233692233705123423632234§.as
-1767633906,59,§5214232815232828123423632234§,C:\Users\Oleh\Documents\ProTanki-security\artifacts\swf\decompiled_library\scripts\§class const finally§\§5214232815232828123423632234§.as
-1763914667,34,§521423107272310740123423632234§,C:\Users\Oleh\Documents\ProTanki-security\artifacts\swf\decompiled_library\scripts\§521423114382311451123423632234§\§521423107272310740123423632234§.as
-1759063234,54,§52142392523938123423632234§,C:\Users\Oleh\Documents\ProTanki-security\artifacts\swf\decompiled_library\scripts\§native var const§\§52142392523938123423632234§.as
-1752335888,79,§,C:\Users\Oleh\Documents\ProTanki-security\artifacts\swf\decompiled_library\scripts\§5214233704233717123423632234§\§implements finally for§.as
-1749108178,39,§521423109092310922123423632234§,C:\Users\Oleh\Documents\ProTanki-security\artifacts\swf\decompiled_library\scripts\§5214237221237234123423632234§\§521423109092310922123423632234§.as
-1723353904,51,§5214237628237641123423632234§,C:\Users\Oleh\Documents\ProTanki-security\artifacts\swf\decompiled_library\scripts\§521423130102313023123423632234§\§5214237628237641123423632234§.as
-1718053399,77,§5214233720233733123423632234§,C:\Users\Oleh\Documents\ProTanki-security\artifacts\swf\decompiled_library\scripts\§true switch final§\§5214233720233733123423632234§.as
-1715719586,3,§super switch catch§,C:\Users\Oleh\Documents\ProTanki-security\artifacts\swf\decompiled_library\scripts\§throw package override§\§super switch catch§.as
-1712113407,26,§5214236297236310123423632234§,C:\Users\Oleh\Documents\ProTanki-security\artifacts\swf\decompiled_library\scripts\§finally switch super§\§5214236297236310123423632234§.as
-1709511848,66,§52142376923782123423632234§,C:\Users\Oleh\Documents\ProTanki-security\artifacts\swf\decompiled_library\scripts\§5214236839236852123423632234§\§52142376923782123423632234§.as
-1702097572,33,§5214237067237080123423632234§,C:\Users\Oleh\Documents\ProTanki-security\artifacts\swf\decompiled_library\scripts\§throw catch throw§\§5214237067237080123423632234§.as
-1701488017,60,§finally const override§,C:\Users\Oleh\Documents\ProTanki-security\artifacts\swf\decompiled_library\scripts\§implements switch switch§\§finally const override§.as
-1692290741,79,§false each§,C:\Users\Oleh\Documents\ProTanki-security\artifacts\swf\decompiled_library\scripts\§5214233704233717123423632234§\§false each§.as
-1689876764,48,§false use continue§,C:\Users\Oleh\Documents\ProTanki-security\artifacts\swf\decompiled_library\scripts\§null in§\§false use continue§.as
-1683279062,39,§521423113922311405123423632234§,C:\Users\Oleh\Documents\ProTanki-security\artifacts\swf\decompiled_library\scripts\§5214237221237234123423632234§\§521423113922311405123423632234§.as
-1672577397,39,§,C:\Users\Oleh\Documents\ProTanki-security\artifacts\swf\decompiled_library\scripts\§5214237221237234123423632234§\§implements throw§.as
-1670466290,53,§for set class§,C:\Users\Oleh\Documents\ProTanki-security\artifacts\swf\decompiled_library\scripts\§5214238669238682123423632234§\§for set class§.as
-1670408519,6,§521423115672311580123423632234§,C:\Users\Oleh\Documents\ProTanki-security\artifacts\swf\decompiled_library\scripts\§521423140272314040123423632234§\§521423115672311580123423632234§.as
-1668779175,44,§in const set§,C:\Users\Oleh\Documents\ProTanki-security\artifacts\swf\decompiled_library\scripts\§5214231959231972123423632234§\§in const set§.as
-1654947652,56,§try set§,C:\Users\Oleh\Documents\ProTanki-security\artifacts\swf\decompiled_library\scripts\§521423131802313193123423632234§\§try set§.as
-1643824092,36,§use const package§,C:\Users\Oleh\Documents\ProTanki-security\artifacts\swf\decompiled_library\scripts\§function use super§\§use const package§.as
-1639713644,39,§throw finally var§,C:\Users\Oleh\Documents\ProTanki-security\artifacts\swf\decompiled_library\scripts\§5214237221237234123423632234§\§throw finally var§.as
-1638767166,34,§5214236254236267123423632234§,C:\Users\Oleh\Documents\ProTanki-security\artifacts\swf\decompiled_library\scripts\§521423114382311451123423632234§\§5214236254236267123423632234§.as
-1616602030,74,§5214232639232652123423632234§,C:\Users\Oleh\Documents\ProTanki-security\artifacts\swf\decompiled_library\scripts\§catch super§\§5214232639232652123423632234§.as
-1607756600,9,§5214238014238027123423632234§,C:\Users\Oleh\Documents\ProTanki-security\artifacts\swf\decompiled_library\scripts\§521423122732312286123423632234§\§5214238014238027123423632234§.as
-1590185083,13,§5214236967236980123423632234§,C:\Users\Oleh\Documents\ProTanki-security\artifacts\swf\decompiled_library\scripts\§else var set§\§5214236967236980123423632234§.as
-1588006900,13,§521423103292310342123423632234§,C:\Users\Oleh\Documents\ProTanki-security\artifacts\swf\decompiled_library\scripts\§else var set§\§521423103292310342123423632234§.as
-1565553333,35,§,C:\Users\Oleh\Documents\ProTanki-security\artifacts\swf\decompiled_library\scripts\§521423106452310658123423632234§\§implements package else§.as
-1548609916,60,§break var with§,C:\Users\Oleh\Documents\ProTanki-security\artifacts\swf\decompiled_library\scripts\§implements switch switch§\§break var with§.as
-1533422832,24,§finally var finally§,C:\Users\Oleh\Documents\ProTanki-security\artifacts\swf\decompiled_library\scripts\§5214235827235840123423632234§\§finally var finally§.as
-1527013252,50,§521423125432312556123423632234§,C:\Users\Oleh\Documents\ProTanki-security\artifacts\swf\decompiled_library\scripts\§extends use switch§\§521423125432312556123423632234§.as
-1524095870,78,§else switch get§,C:\Users\Oleh\Documents\ProTanki-security\artifacts\swf\decompiled_library\scripts\§521423121442312157123423632234§\§else switch get§.as
-1518850075,34,§5214231387231400123423632234§,C:\Users\Oleh\Documents\ProTanki-security\artifacts\swf\decompiled_library\scripts\§521423114382311451123423632234§\§5214231387231400123423632234§.as
-1517837003,50,§5214231530231543123423632234§,C:\Users\Oleh\Documents\ProTanki-security\artifacts\swf\decompiled_library\scripts\§extends use switch§\§5214231530231543123423632234§.as
-1507635228,24,§default for throw§,C:\Users\Oleh\Documents\ProTanki-security\artifacts\swf\decompiled_library\scripts\§5214235827235840123423632234§\§default for throw§.as
-1505530736,34,§catch import§,C:\Users\Oleh\Documents\ProTanki-security\artifacts\swf\decompiled_library\scripts\§521423114382311451123423632234§\§catch import§.as
-1491503394,30,§5214236649236662123423632234§,C:\Users\Oleh\Documents\ProTanki-security\artifacts\swf\decompiled_library\scripts\§5214238160238173123423632234§\§5214236649236662123423632234§.as
-1490761936,13,§5214237854237867123423632234§,C:\Users\Oleh\Documents\ProTanki-security\artifacts\swf\decompiled_library\scripts\§else var set§\§5214237854237867123423632234§.as
-1487306515,50,§521423137552313768123423632234§,C:\Users\Oleh\Documents\ProTanki-security\artifacts\swf\decompiled_library\scripts\§extends use switch§\§521423137552313768123423632234§.as
-1481254568,67,§5214231339231352123423632234§,C:\Users\Oleh\Documents\ProTanki-security\artifacts\swf\decompiled_library\scripts\§override for const§\§5214231339231352123423632234§.as
-1457773660,13,§5214234424234437123423632234§,C:\Users\Oleh\Documents\ProTanki-security\artifacts\swf\decompiled_library\scripts\§else var set§\§5214234424234437123423632234§.as
-1455955413,16,§521423114342311447123423632234§,C:\Users\Oleh\Documents\ProTanki-security\artifacts\swf\decompiled_library\scripts\§52142339423407123423632234§\§521423114342311447123423632234§.as
-1410197917,60,§throw const static§,C:\Users\Oleh\Documents\ProTanki-security\artifacts\swf\decompiled_library\scripts\§implements switch switch§\§throw const static§.as
-1380283560,50,§false function§,C:\Users\Oleh\Documents\ProTanki-security\artifacts\swf\decompiled_library\scripts\§extends use switch§\§false function§.as
-1378839846,39,§in finally set§,C:\Users\Oleh\Documents\ProTanki-security\artifacts\swf\decompiled_library\scripts\§5214237221237234123423632234§\§in finally set§.as
-1376947245,73,§521423122512312264123423632234§,C:\Users\Oleh\Documents\ProTanki-security\artifacts\swf\decompiled_library\scripts\§521423130242313037123423632234§\§521423122512312264123423632234§.as
-1353047954,18,§521423108072310820123423632234§,C:\Users\Oleh\Documents\ProTanki-security\artifacts\swf\decompiled_library\scripts\§if set case§\§521423108072310820123423632234§.as
-1346883037,60,§521423101052310118123423632234§,C:\Users\Oleh\Documents\ProTanki-security\artifacts\swf\decompiled_library\scripts\§implements switch switch§\§521423101052310118123423632234§.as
-1337059439,60,§5214231339231352123423632234§,C:\Users\Oleh\Documents\ProTanki-security\artifacts\swf\decompiled_library\scripts\§implements switch switch§\§5214231339231352123423632234§.as
-1334002026,49,§5214235205235218123423632234§,C:\Users\Oleh\Documents\ProTanki-security\artifacts\swf\decompiled_library\scripts\§while use static§\§5214235205235218123423632234§.as
-1331361684,61,§5214231197231210123423632234§,C:\Users\Oleh\Documents\ProTanki-security\artifacts\swf\decompiled_library\scripts\§5214239350239363123423632234§\§5214231197231210123423632234§.as
-1317889894,2,§5214231345231358123423632234§,C:\Users\Oleh\Documents\ProTanki-security\artifacts\swf\decompiled_library\scripts\§521423111462311159123423632234§\§5214231345231358123423632234§.as
-1315008610,77,§5214233779233792123423632234§,C:\Users\Oleh\Documents\ProTanki-security\artifacts\swf\decompiled_library\scripts\§true switch final§\§5214233779233792123423632234§.as
-1315002220,33,§super switch each§,C:\Users\Oleh\Documents\ProTanki-security\artifacts\swf\decompiled_library\scripts\§throw catch throw§\§super switch each§.as
-1302674105,23,§521423116122311625123423632234§,C:\Users\Oleh\Documents\ProTanki-security\artifacts\swf\decompiled_library\scripts\§throw package super§\§521423116122311625123423632234§.as
-1300958299,57,§try set§,C:\Users\Oleh\Documents\ProTanki-security\artifacts\swf\decompiled_library\scripts\§5214232554232567123423632234§\§try set§.as
-1298483664,79,§5214236665236678123423632234§,C:\Users\Oleh\Documents\ProTanki-security\artifacts\swf\decompiled_library\scripts\§5214233704233717123423632234§\§5214236665236678123423632234§.as
-1291499147,36,§521423119472311960123423632234§,C:\Users\Oleh\Documents\ProTanki-security\artifacts\swf\decompiled_library\scripts\§function use super§\§521423119472311960123423632234§.as
-1284211503,33,§521423110182311031123423632234§,C:\Users\Oleh\Documents\ProTanki-security\artifacts\swf\decompiled_library\scripts\§throw catch throw§\§521423110182311031123423632234§.as
-1282406496,42,§if set import§,C:\Users\Oleh\Documents\ProTanki-security\artifacts\swf\decompiled_library\scripts\§extends use finally§\§if set import§.as
-1282173466,4,§521423124202312433123423632234§,C:\Users\Oleh\Documents\ProTanki-security\artifacts\swf\decompiled_library\scripts\§521423113572311370123423632234§\§521423124202312433123423632234§.as
-1277343167,8,§var set const§,C:\Users\Oleh\Documents\ProTanki-security\artifacts\swf\decompiled_library\scripts\§switch switch override§\§var set const§.as
-1271729363,55,§get package true§,C:\Users\Oleh\Documents\ProTanki-security\artifacts\swf\decompiled_library\scripts\§catch catch get§\§get package true§.as
-1267250495,79,§5214232560232573123423632234§,C:\Users\Oleh\Documents\ProTanki-security\artifacts\swf\decompiled_library\scripts\§5214233704233717123423632234§\§5214232560232573123423632234§.as
-1266665816,19,§override catch switch§,C:\Users\Oleh\Documents\ProTanki-security\artifacts\swf\decompiled_library\scripts\§5214234442234455123423632234§\§override catch switch§.as
-1263520410,28,§5214236928236941123423632234§,C:\Users\Oleh\Documents\ProTanki-security\artifacts\swf\decompiled_library\scripts\§null switch final§\§5214236928236941123423632234§.as
-1263036614,33,§with use if§,C:\Users\Oleh\Documents\ProTanki-security\artifacts\swf\decompiled_library\scripts\§throw catch throw§\§with use if§.as
-1258754138,13,§set switch each§,C:\Users\Oleh\Documents\ProTanki-security\artifacts\swf\decompiled_library\scripts\§else var set§\§set switch each§.as
-1241704092,13,§set package if§,C:\Users\Oleh\Documents\ProTanki-security\artifacts\swf\decompiled_library\scripts\§else var set§\§set package if§.as
-1233891872,44,§5214231339231352123423632234§,C:\Users\Oleh\Documents\ProTanki-security\artifacts\swf\decompiled_library\scripts\§5214231959231972123423632234§\§5214231339231352123423632234§.as
-1232334539,75,§5214231339231352123423632234§,C:\Users\Oleh\Documents\ProTanki-security\artifacts\swf\decompiled_library\scripts\§521423100822310095123423632234§\§5214231339231352123423632234§.as
-1222085753,50,§521423106272310640123423632234§,C:\Users\Oleh\Documents\ProTanki-security\artifacts\swf\decompiled_library\scripts\§extends use switch§\§521423106272310640123423632234§.as
-1205151619,41,§521423100122310025123423632234§,C:\Users\Oleh\Documents\ProTanki-security\artifacts\swf\decompiled_library\scripts\§52142364623659123423632234§\§521423100122310025123423632234§.as
-1200619383,62,§override var default§,C:\Users\Oleh\Documents\ProTanki-security\artifacts\swf\decompiled_library\scripts\§in set native§\§override var default§.as
-1179390022,3,§super use get§,C:\Users\Oleh\Documents\ProTanki-security\artifacts\swf\decompiled_library\scripts\§throw package override§\§super use get§.as
-1176568376,27,§5214237104237117123423632234§,C:\Users\Oleh\Documents\ProTanki-security\artifacts\swf\decompiled_library\scripts\§5214237390237403123423632234§\§5214237104237117123423632234§.as
-1171353580,56,§5214232639232652123423632234§,C:\Users\Oleh\Documents\ProTanki-security\artifacts\swf\decompiled_library\scripts\§521423131802313193123423632234§\§5214232639232652123423632234§.as
-1165230470,47,§default for if§,C:\Users\Oleh\Documents\ProTanki-security\artifacts\swf\decompiled_library\scripts\§class const get§\§default for if§.as
-1154479430,34,§5214232722232735123423632234§,C:\Users\Oleh\Documents\ProTanki-security\artifacts\swf\decompiled_library\scripts\§521423114382311451123423632234§\§5214232722232735123423632234§.as
-1145619463,79,§final for do§,C:\Users\Oleh\Documents\ProTanki-security\artifacts\swf\decompiled_library\scripts\§5214233704233717123423632234§\§final for do§.as
-1142938284,42,§52142385123864123423632234§,C:\Users\Oleh\Documents\ProTanki-security\artifacts\swf\decompiled_library\scripts\§extends use finally§\§52142385123864123423632234§.as
-1137965580,79,§var package if§,C:\Users\Oleh\Documents\ProTanki-security\artifacts\swf\decompiled_library\scripts\§5214233704233717123423632234§\§var package if§.as
-1128606444,29,§5214233724233737123423632234§,C:\Users\Oleh\Documents\ProTanki-security\artifacts\swf\decompiled_library\scripts\§5214235933235946123423632234§\§5214233724233737123423632234§.as
-1123511676,79,§break switch throw§,C:\Users\Oleh\Documents\ProTanki-security\artifacts\swf\decompiled_library\scripts\§5214233704233717123423632234§\§break switch throw§.as
-1084454988,79,§in set do§,C:\Users\Oleh\Documents\ProTanki-security\artifacts\swf\decompiled_library\scripts\§5214233704233717123423632234§\§in set do§.as
-1073178885,60,§import for super§,C:\Users\Oleh\Documents\ProTanki-security\artifacts\swf\decompiled_library\scripts\§implements switch switch§\§import for super§.as
-1062190024,28,§5214239279239292123423632234§,C:\Users\Oleh\Documents\ProTanki-security\artifacts\swf\decompiled_library\scripts\§null switch final§\§5214239279239292123423632234§.as
-1051248475,55,§5214231346231359123423632234§,C:\Users\Oleh\Documents\ProTanki-security\artifacts\swf\decompiled_library\scripts\§catch catch get§\§5214231346231359123423632234§.as
-1047185003,36,§,C:\Users\Oleh\Documents\ProTanki-security\artifacts\swf\decompiled_library\scripts\§function use super§\§extends set for§.as
-1045406775,80,§5214237091237104123423632234§,C:\Users\Oleh\Documents\ProTanki-security\artifacts\swf\decompiled_library\scripts\§false for switch§\§5214237091237104123423632234§.as
-1041660861,13,§catch switch import§,C:\Users\Oleh\Documents\ProTanki-security\artifacts\swf\decompiled_library\scripts\§else var set§\§catch switch import§.as
-1032328347,49,§static switch§,C:\Users\Oleh\Documents\ProTanki-security\artifacts\swf\decompiled_library\scripts\§while use static§\§static switch§.as
-1026428589,42,§throw catch break§,C:\Users\Oleh\Documents\ProTanki-security\artifacts\swf\decompiled_library\scripts\§extends use finally§\§throw catch break§.as
-994817471,32,§5214237067237080123423632234§,C:\Users\Oleh\Documents\ProTanki-security\artifacts\swf\decompiled_library\scripts\§521423125662312579123423632234§\§5214237067237080123423632234§.as
-985579124,36,§,C:\Users\Oleh\Documents\ProTanki-security\artifacts\swf\decompiled_library\scripts\§function use super§\§implements const§.as
-983139626,14,§null package else§,C:\Users\Oleh\Documents\ProTanki-security\artifacts\swf\decompiled_library\scripts\§extends switch native§\§null package else§.as
-962759489,18,§true switch case§,C:\Users\Oleh\Documents\ProTanki-security\artifacts\swf\decompiled_library\scripts\§if set case§\§true switch case§.as
-959048700,78,§5214231339231352123423632234§,C:\Users\Oleh\Documents\ProTanki-security\artifacts\swf\decompiled_library\scripts\§521423121442312157123423632234§\§5214231339231352123423632234§.as
-930926299,79,§5214231972231985123423632234§,C:\Users\Oleh\Documents\ProTanki-security\artifacts\swf\decompiled_library\scripts\§5214233704233717123423632234§\§5214231972231985123423632234§.as
-920985123,28,§,C:\Users\Oleh\Documents\ProTanki-security\artifacts\swf\decompiled_library\scripts\§null switch final§\§implements const§.as
-915079427,78,§5214235890235903123423632234§,C:\Users\Oleh\Documents\ProTanki-security\artifacts\swf\decompiled_library\scripts\§521423121442312157123423632234§\§5214235890235903123423632234§.as
-911983090,59,§521423109282310941123423632234§,C:\Users\Oleh\Documents\ProTanki-security\artifacts\swf\decompiled_library\scripts\§class const finally§\§521423109282310941123423632234§.as
-911626491,33,§521423115472311560123423632234§,C:\Users\Oleh\Documents\ProTanki-security\artifacts\swf\decompiled_library\scripts\§throw catch throw§\§521423115472311560123423632234§.as
-907657573,67,§5214234844234857123423632234§,C:\Users\Oleh\Documents\ProTanki-security\artifacts\swf\decompiled_library\scripts\§override for const§\§5214234844234857123423632234§.as
-891286317,74,§class switch override§,C:\Users\Oleh\Documents\ProTanki-security\artifacts\swf\decompiled_library\scripts\§catch super§\§class switch override§.as
-879771375,33,§5214235570235583123423632234§,C:\Users\Oleh\Documents\ProTanki-security\artifacts\swf\decompiled_library\scripts\§throw catch throw§\§5214235570235583123423632234§.as
-875418096,21,§5214239049239062123423632234§,C:\Users\Oleh\Documents\ProTanki-security\artifacts\swf\decompiled_library\scripts\§5214239385239398123423632234§\§5214239049239062123423632234§.as
-867767128,19,§package var switch§,C:\Users\Oleh\Documents\ProTanki-security\artifacts\swf\decompiled_library\scripts\§5214234442234455123423632234§\§package var switch§.as
-864265623,15,§521423126432312656123423632234§,C:\Users\Oleh\Documents\ProTanki-security\artifacts\swf\decompiled_library\scripts\§false set while§\§521423126432312656123423632234§.as
-845588810,1,§use const super§,C:\Users\Oleh\Documents\ProTanki-security\artifacts\swf\decompiled_library\scripts\§5214238105238118123423632234§\§use const super§.as
-838186985,30,§5214231339231352123423632234§,C:\Users\Oleh\Documents\ProTanki-security\artifacts\swf\decompiled_library\scripts\§5214238160238173123423632234§\§5214231339231352123423632234§.as
-832301915,79,§set use package§,C:\Users\Oleh\Documents\ProTanki-security\artifacts\swf\decompiled_library\scripts\§5214233704233717123423632234§\§set use package§.as
-831998018,33,§5214237771237784123423632234§,C:\Users\Oleh\Documents\ProTanki-security\artifacts\swf\decompiled_library\scripts\§throw catch throw§\§5214237771237784123423632234§.as
-822981766,24,§5214237981237994123423632234§,C:\Users\Oleh\Documents\ProTanki-security\artifacts\swf\decompiled_library\scripts\§5214235827235840123423632234§\§5214237981237994123423632234§.as
-822403331,24,§,C:\Users\Oleh\Documents\ProTanki-security\artifacts\swf\decompiled_library\scripts\§5214235827235840123423632234§\§extends set set§.as
-819536476,6,§5214232208232221123423632234§,C:\Users\Oleh\Documents\ProTanki-security\artifacts\swf\decompiled_library\scripts\§521423140272314040123423632234§\§5214232208232221123423632234§.as
-803365239,34,§5214237104237117123423632234§,C:\Users\Oleh\Documents\ProTanki-security\artifacts\swf\decompiled_library\scripts\§521423114382311451123423632234§\§5214237104237117123423632234§.as
-773473371,60,§521423121422312155123423632234§,C:\Users\Oleh\Documents\ProTanki-security\artifacts\swf\decompiled_library\scripts\§implements switch switch§\§521423121422312155123423632234§.as
-769104327,77,§break catch,C:\Users\Oleh\Documents\ProTanki-security\artifacts\swf\decompiled_library\scripts\§true switch final§\§break catch implements§.as
-762658127,76,§function if§,C:\Users\Oleh\Documents\ProTanki-security\artifacts\swf\decompiled_library\scripts\§5214237521237534123423632234§\§function if§.as
-751613832,32,§case use throw§,C:\Users\Oleh\Documents\ProTanki-security\artifacts\swf\decompiled_library\scripts\§521423125662312579123423632234§\§case use throw§.as
-745598420,36,§5214238755238768123423632234§,C:\Users\Oleh\Documents\ProTanki-security\artifacts\swf\decompiled_library\scripts\§function use super§\§5214238755238768123423632234§.as
-739684591,0,§5214233890233903123423632234§,C:\Users\Oleh\Documents\ProTanki-security\artifacts\swf\decompiled_library\scripts\§while var else§\§5214233890233903123423632234§.as
-731115522,23,§5214238675238688123423632234§,C:\Users\Oleh\Documents\ProTanki-security\artifacts\swf\decompiled_library\scripts\§throw package super§\§5214238675238688123423632234§.as
-714487273,24,§5214235799235812123423632234§,C:\Users\Oleh\Documents\ProTanki-security\artifacts\swf\decompiled_library\scripts\§5214235827235840123423632234§\§5214235799235812123423632234§.as
-707501253,13,§else class§,C:\Users\Oleh\Documents\ProTanki-security\artifacts\swf\decompiled_library\scripts\§else var set§\§else class§.as
-706679202,8,§dynamic package case§,C:\Users\Oleh\Documents\ProTanki-security\artifacts\swf\decompiled_library\scripts\§switch switch override§\§dynamic package case§.as
-705969616,79,§5214236678236691123423632234§,C:\Users\Oleh\Documents\ProTanki-security\artifacts\swf\decompiled_library\scripts\§5214233704233717123423632234§\§5214236678236691123423632234§.as
-698399183,33,§521423117362311749123423632234§,C:\Users\Oleh\Documents\ProTanki-security\artifacts\swf\decompiled_library\scripts\§throw catch throw§\§521423117362311749123423632234§.as
-671618989,49,§5214235257235270123423632234§,C:\Users\Oleh\Documents\ProTanki-security\artifacts\swf\decompiled_library\scripts\§while use static§\§5214235257235270123423632234§.as
-666893269,65,§try package get§,C:\Users\Oleh\Documents\ProTanki-security\artifacts\swf\decompiled_library\scripts\§5214232933232946123423632234§\§try package get§.as
-662400123,80,§break const while§,C:\Users\Oleh\Documents\ProTanki-security\artifacts\swf\decompiled_library\scripts\§false for switch§\§break const while§.as
-660369751,77,§case catch var§,C:\Users\Oleh\Documents\ProTanki-security\artifacts\swf\decompiled_library\scripts\§true switch final§\§case catch var§.as
-653665247,8,§false set in§,C:\Users\Oleh\Documents\ProTanki-security\artifacts\swf\decompiled_library\scripts\§switch switch override§\§false set in§.as
-643105296,61,§5214231339231352123423632234§,C:\Users\Oleh\Documents\ProTanki-security\artifacts\swf\decompiled_library\scripts\§5214239350239363123423632234§\§5214231339231352123423632234§.as
-635715470,35,§if for const§,C:\Users\Oleh\Documents\ProTanki-security\artifacts\swf\decompiled_library\scripts\§521423106452310658123423632234§\§if for const§.as
-624217047,62,§else for,C:\Users\Oleh\Documents\ProTanki-security\artifacts\swf\decompiled_library\scripts\§in set native§\§else for extends§.as
-614563927,79,§native package class§,C:\Users\Oleh\Documents\ProTanki-security\artifacts\swf\decompiled_library\scripts\§5214233704233717123423632234§\§native package class§.as
-614313838,30,§do case§,C:\Users\Oleh\Documents\ProTanki-security\artifacts\swf\decompiled_library\scripts\§5214238160238173123423632234§\§do case§.as
-611961116,39,§521423128612312874123423632234§,C:\Users\Oleh\Documents\ProTanki-security\artifacts\swf\decompiled_library\scripts\§5214237221237234123423632234§\§521423128612312874123423632234§.as
-604091695,14,§5214238924238937123423632234§,C:\Users\Oleh\Documents\ProTanki-security\artifacts\swf\decompiled_library\scripts\§extends switch native§\§5214238924238937123423632234§.as
-602527073,33,§override for super§,C:\Users\Oleh\Documents\ProTanki-security\artifacts\swf\decompiled_library\scripts\§throw catch throw§\§override for super§.as
-600078553,7,§5214231893231906123423632234§,C:\Users\Oleh\Documents\ProTanki-security\artifacts\swf\decompiled_library\scripts\§in var each§\§5214231893231906123423632234§.as
-593513288,29,§52142313523148123423632234§,C:\Users\Oleh\Documents\ProTanki-security\artifacts\swf\decompiled_library\scripts\§5214235933235946123423632234§\§52142313523148123423632234§.as
-593368100,12,§continue else§,C:\Users\Oleh\Documents\ProTanki-security\artifacts\swf\decompiled_library\scripts\§5214236695236708123423632234§\§continue else§.as
-583564465,22,§5214231339231352123423632234§,C:\Users\Oleh\Documents\ProTanki-security\artifacts\swf\decompiled_library\scripts\§5214236404236417123423632234§\§5214231339231352123423632234§.as
-570114058,3,§var switch final§,C:\Users\Oleh\Documents\ProTanki-security\artifacts\swf\decompiled_library\scripts\§throw package override§\§var switch final§.as
-555602629,45,§5214232106232119123423632234§,C:\Users\Oleh\Documents\ProTanki-security\artifacts\swf\decompiled_library\scripts\§5214238729238742123423632234§\§5214232106232119123423632234§.as
-541741971,22,§var switch final§,C:\Users\Oleh\Documents\ProTanki-security\artifacts\swf\decompiled_library\scripts\§5214236404236417123423632234§\§var switch final§.as
-541655881,70,§521423134612313474123423632234§,C:\Users\Oleh\Documents\ProTanki-security\artifacts\swf\decompiled_library\scripts\§try set package§\§521423134612313474123423632234§.as
-534192254,50,§5214235440235453123423632234§,C:\Users\Oleh\Documents\ProTanki-security\artifacts\swf\decompiled_library\scripts\§extends use switch§\§5214235440235453123423632234§.as
-523392052,34,§5214231996232009123423632234§,C:\Users\Oleh\Documents\ProTanki-security\artifacts\swf\decompiled_library\scripts\§521423114382311451123423632234§\§5214231996232009123423632234§.as
-520655432,74,§5214233173233186123423632234§,C:\Users\Oleh\Documents\ProTanki-security\artifacts\swf\decompiled_library\scripts\§catch super§\§5214233173233186123423632234§.as
-511004908,16,§5214235404235417123423632234§,C:\Users\Oleh\Documents\ProTanki-security\artifacts\swf\decompiled_library\scripts\§52142339423407123423632234§\§5214235404235417123423632234§.as
-502907094,43,§5214232808232821123423632234§,C:\Users\Oleh\Documents\ProTanki-security\artifacts\swf\decompiled_library\scripts\§default set include§\§5214232808232821123423632234§.as
-497293992,44,§5214237351237364123423632234§,C:\Users\Oleh\Documents\ProTanki-security\artifacts\swf\decompiled_library\scripts\§5214231959231972123423632234§\§5214237351237364123423632234§.as
-486536370,79,§52142341523428123423632234§,C:\Users\Oleh\Documents\ProTanki-security\artifacts\swf\decompiled_library\scripts\§5214233704233717123423632234§\§52142341523428123423632234§.as
-484994657,54,§for var super§,C:\Users\Oleh\Documents\ProTanki-security\artifacts\swf\decompiled_library\scripts\§native var const§\§for var super§.as
-482023661,51,§52142328623299123423632234§,C:\Users\Oleh\Documents\ProTanki-security\artifacts\swf\decompiled_library\scripts\§521423130102313023123423632234§\§52142328623299123423632234§.as
-479046431,17,§case switch in§,C:\Users\Oleh\Documents\ProTanki-security\artifacts\swf\decompiled_library\scripts\§521423110712311084123423632234§\§case switch in§.as
-478572181,11,§5214237332237345123423632234§,C:\Users\Oleh\Documents\ProTanki-security\artifacts\swf\decompiled_library\scripts\§return const native§\§5214237332237345123423632234§.as
-471022967,34,§,C:\Users\Oleh\Documents\ProTanki-security\artifacts\swf\decompiled_library\scripts\§521423114382311451123423632234§\§implements switch null§.as
-456245145,60,§do const try§,C:\Users\Oleh\Documents\ProTanki-security\artifacts\swf\decompiled_library\scripts\§implements switch switch§\§do const try§.as
-449356094,61,§while package final§,C:\Users\Oleh\Documents\ProTanki-security\artifacts\swf\decompiled_library\scripts\§5214239350239363123423632234§\§while package final§.as
-437587751,13,§5214232898232911123423632234§,C:\Users\Oleh\Documents\ProTanki-security\artifacts\swf\decompiled_library\scripts\§else var set§\§5214232898232911123423632234§.as
-380595194,50,§521423105432310556123423632234§,C:\Users\Oleh\Documents\ProTanki-security\artifacts\swf\decompiled_library\scripts\§extends use switch§\§521423105432310556123423632234§.as
-378947621,79,§set get§,C:\Users\Oleh\Documents\ProTanki-security\artifacts\swf\decompiled_library\scripts\§5214233704233717123423632234§\§set get§.as
-375282889,33,§if switch,C:\Users\Oleh\Documents\ProTanki-security\artifacts\swf\decompiled_library\scripts\§throw catch throw§\§if switch implements§.as
-373510957,6,§const switch override§,C:\Users\Oleh\Documents\ProTanki-security\artifacts\swf\decompiled_library\scripts\§521423140272314040123423632234§\§const switch override§.as
-369590613,54,§try const catch§,C:\Users\Oleh\Documents\ProTanki-security\artifacts\swf\decompiled_library\scripts\§native var const§\§try const catch§.as
-367760678,50,§include case§,C:\Users\Oleh\Documents\ProTanki-security\artifacts\swf\decompiled_library\scripts\§extends use switch§\§include case§.as
-349828108,6,§super finally set§,C:\Users\Oleh\Documents\ProTanki-security\artifacts\swf\decompiled_library\scripts\§521423140272314040123423632234§\§super finally set§.as
-344514517,33,§521423113582311371123423632234§,C:\Users\Oleh\Documents\ProTanki-security\artifacts\swf\decompiled_library\scripts\§throw catch throw§\§521423113582311371123423632234§.as
-344258352,79,§if package do§,C:\Users\Oleh\Documents\ProTanki-security\artifacts\swf\decompiled_library\scripts\§5214233704233717123423632234§\§if package do§.as
-328554480,51,§for set class§,C:\Users\Oleh\Documents\ProTanki-security\artifacts\swf\decompiled_library\scripts\§521423130102313023123423632234§\§for set class§.as
-325434725,71,§if set import§,C:\Users\Oleh\Documents\ProTanki-security\artifacts\swf\decompiled_library\scripts\§521423107152310728123423632234§\§if set import§.as
-324894035,22,§5214239672239685123423632234§,C:\Users\Oleh\Documents\ProTanki-security\artifacts\swf\decompiled_library\scripts\§5214236404236417123423632234§\§5214239672239685123423632234§.as
-324155151,31,§,C:\Users\Oleh\Documents\ProTanki-security\artifacts\swf\decompiled_library\scripts\§false catch native§\§implements const§.as
-322235316,25,§521423115392311552123423632234§,C:\Users\Oleh\Documents\ProTanki-security\artifacts\swf\decompiled_library\scripts\§package const return§\§521423115392311552123423632234§.as
-304905793,79,§5214236967236980123423632234§,C:\Users\Oleh\Documents\ProTanki-security\artifacts\swf\decompiled_library\scripts\§5214233704233717123423632234§\§5214236967236980123423632234§.as
-301298508,39,§default false§,C:\Users\Oleh\Documents\ProTanki-security\artifacts\swf\decompiled_library\scripts\§5214237221237234123423632234§\§default false§.as
-300370823,34,§return set§,C:\Users\Oleh\Documents\ProTanki-security\artifacts\swf\decompiled_library\scripts\§521423114382311451123423632234§\§return set§.as
-296048697,75,§null static§,C:\Users\Oleh\Documents\ProTanki-security\artifacts\swf\decompiled_library\scripts\§521423100822310095123423632234§\§null static§.as
-262455387,9,§5214232727232740123423632234§,C:\Users\Oleh\Documents\ProTanki-security\artifacts\swf\decompiled_library\scripts\§521423122732312286123423632234§\§5214232727232740123423632234§.as
-260270890,68,§5214231339231352123423632234§,C:\Users\Oleh\Documents\ProTanki-security\artifacts\swf\decompiled_library\scripts\§5214232251232264123423632234§\§5214231339231352123423632234§.as
-255516505,34,§each catch set§,C:\Users\Oleh\Documents\ProTanki-security\artifacts\swf\decompiled_library\scripts\§521423114382311451123423632234§\§each catch set§.as
-248693565,55,§false for,C:\Users\Oleh\Documents\ProTanki-security\artifacts\swf\decompiled_library\scripts\§catch catch get§\§false for extends§.as
-226978906,62,§5214231339231352123423632234§,C:\Users\Oleh\Documents\ProTanki-security\artifacts\swf\decompiled_library\scripts\§in set native§\§5214231339231352123423632234§.as
-221757454,13,§5214239788239801123423632234§,C:\Users\Oleh\Documents\ProTanki-security\artifacts\swf\decompiled_library\scripts\§else var set§\§5214239788239801123423632234§.as
-196636211,24,§5214239450239463123423632234§,C:\Users\Oleh\Documents\ProTanki-security\artifacts\swf\decompiled_library\scripts\§5214235827235840123423632234§\§5214239450239463123423632234§.as
-190359403,52,§5214235205235218123423632234§,C:\Users\Oleh\Documents\ProTanki-security\artifacts\swf\decompiled_library\scripts\§break use include§\§5214235205235218123423632234§.as
-173682854,59,§throw do§,C:\Users\Oleh\Documents\ProTanki-security\artifacts\swf\decompiled_library\scripts\§class const finally§\§throw do§.as
-169921234,76,§case use dynamic§,C:\Users\Oleh\Documents\ProTanki-security\artifacts\swf\decompiled_library\scripts\§5214237521237534123423632234§\§case use dynamic§.as
-169305322,32,§import const continue§,C:\Users\Oleh\Documents\ProTanki-security\artifacts\swf\decompiled_library\scripts\§521423125662312579123423632234§\§import const continue§.as
-163691268,34,§5214231332231345123423632234§,C:\Users\Oleh\Documents\ProTanki-security\artifacts\swf\decompiled_library\scripts\§521423114382311451123423632234§\§5214231332231345123423632234§.as
-161726525,34,§with for function§,C:\Users\Oleh\Documents\ProTanki-security\artifacts\swf\decompiled_library\scripts\§521423114382311451123423632234§\§with for function§.as
-159686980,51,§for var super§,C:\Users\Oleh\Documents\ProTanki-security\artifacts\swf\decompiled_library\scripts\§521423130102313023123423632234§\§for var super§.as
-157204477,39,§52142328423297123423632234§,C:\Users\Oleh\Documents\ProTanki-security\artifacts\swf\decompiled_library\scripts\§5214237221237234123423632234§\§52142328423297123423632234§.as
-152638117,36,§5214231339231352123423632234§,C:\Users\Oleh\Documents\ProTanki-security\artifacts\swf\decompiled_library\scripts\§function use super§\§5214231339231352123423632234§.as
-139645601,13,§in for super§,C:\Users\Oleh\Documents\ProTanki-security\artifacts\swf\decompiled_library\scripts\§else var set§\§in for super§.as
-137249251,43,§5214231339231352123423632234§,C:\Users\Oleh\Documents\ProTanki-security\artifacts\swf\decompiled_library\scripts\§default set include§\§5214231339231352123423632234§.as
-136344740,52,§get use false§,C:\Users\Oleh\Documents\ProTanki-security\artifacts\swf\decompiled_library\scripts\§break use include§\§get use false§.as
-118119523,53,§try const catch§,C:\Users\Oleh\Documents\ProTanki-security\artifacts\swf\decompiled_library\scripts\§5214238669238682123423632234§\§try const catch§.as
-117055417,18,§null switch break§,C:\Users\Oleh\Documents\ProTanki-security\artifacts\swf\decompiled_library\scripts\§if set case§\§null switch break§.as
-114968993,39,§5214238060238073123423632234§,C:\Users\Oleh\Documents\ProTanki-security\artifacts\swf\decompiled_library\scripts\§5214237221237234123423632234§\§5214238060238073123423632234§.as
-87665118,3,§throw use,C:\Users\Oleh\Documents\ProTanki-security\artifacts\swf\decompiled_library\scripts\§throw package override§\§throw use implements§.as
-82304134,4,§get for const§,C:\Users\Oleh\Documents\ProTanki-security\artifacts\swf\decompiled_library\scripts\§521423113572311370123423632234§\§get for const§.as
-75406982,56,§5214233173233186123423632234§,C:\Users\Oleh\Documents\ProTanki-security\artifacts\swf\decompiled_library\scripts\§521423131802313193123423632234§\§5214233173233186123423632234§.as
-64696933,39,§521423132392313252123423632234§,C:\Users\Oleh\Documents\ProTanki-security\artifacts\swf\decompiled_library\scripts\§5214237221237234123423632234§\§521423132392313252123423632234§.as
-47424608,27,§521423112242311237123423632234§,C:\Users\Oleh\Documents\ProTanki-security\artifacts\swf\decompiled_library\scripts\§5214237390237403123423632234§\§521423112242311237123423632234§.as
-44282936,51,§try const catch§,C:\Users\Oleh\Documents\ProTanki-security\artifacts\swf\decompiled_library\scripts\§521423130102313023123423632234§\§try const catch§.as
-42520728,39,§native package continue§,C:\Users\Oleh\Documents\ProTanki-security\artifacts\swf\decompiled_library\scripts\§5214237221237234123423632234§\§native package continue§.as
-20513325,22,§continue use false§,C:\Users\Oleh\Documents\ProTanki-security\artifacts\swf\decompiled_library\scripts\§5214236404236417123423632234§\§continue use false§.as
-20486732,24,§5214237358237371123423632234§,C:\Users\Oleh\Documents\ProTanki-security\artifacts\swf\decompiled_library\scripts\§5214235827235840123423632234§\§5214237358237371123423632234§.as
-18176641,54,§include for if§,C:\Users\Oleh\Documents\ProTanki-security\artifacts\swf\decompiled_library\scripts\§native var const§\§include for if§.as
-16447159,9,§try var import§,C:\Users\Oleh\Documents\ProTanki-security\artifacts\swf\decompiled_library\scripts\§521423122732312286123423632234§\§try var import§.as
-10847382,33,§521423104382310451123423632234§,C:\Users\Oleh\Documents\ProTanki-security\artifacts\swf\decompiled_library\scripts\§throw catch throw§\§521423104382310451123423632234§.as
-2875943,79,§5214232653232666123423632234§,C:\Users\Oleh\Documents\ProTanki-security\artifacts\swf\decompiled_library\scripts\§5214233704233717123423632234§\§5214232653232666123423632234§.as
4552232,39,§use use break§,C:\Users\Oleh\Documents\ProTanki-security\artifacts\swf\decompiled_library\scripts\§5214237221237234123423632234§\§use use break§.as
11992250,50,§if use try§,C:\Users\Oleh\Documents\ProTanki-security\artifacts\swf\decompiled_library\scripts\§extends use switch§\§if use try§.as
29211250,72,§5214234814234827123423632234§,C:\Users\Oleh\Documents\ProTanki-security\artifacts\swf\decompiled_library\scripts\§5214238196238209123423632234§\§5214234814234827123423632234§.as
34068208,46,§5214232106232119123423632234§,C:\Users\Oleh\Documents\ProTanki-security\artifacts\swf\decompiled_library\scripts\§static package in§\§5214232106232119123423632234§.as
84050355,13,§super var null§,C:\Users\Oleh\Documents\ProTanki-security\artifacts\swf\decompiled_library\scripts\§else var set§\§super var null§.as
90109270,79,§break set function§,C:\Users\Oleh\Documents\ProTanki-security\artifacts\swf\decompiled_library\scripts\§5214233704233717123423632234§\§break set function§.as
103812952,0,§do use in§,C:\Users\Oleh\Documents\ProTanki-security\artifacts\swf\decompiled_library\scripts\§while var else§\§do use in§.as
118447426,33,§case use in§,C:\Users\Oleh\Documents\ProTanki-security\artifacts\swf\decompiled_library\scripts\§throw catch throw§\§case use in§.as
120401338,30,§,C:\Users\Oleh\Documents\ProTanki-security\artifacts\swf\decompiled_library\scripts\§5214238160238173123423632234§\§implements use break§.as
126880779,13,§5214239957239970123423632234§,C:\Users\Oleh\Documents\ProTanki-security\artifacts\swf\decompiled_library\scripts\§else var set§\§5214239957239970123423632234§.as
133238100,24,§5214235541235554123423632234§,C:\Users\Oleh\Documents\ProTanki-security\artifacts\swf\decompiled_library\scripts\§5214235827235840123423632234§\§5214235541235554123423632234§.as
133452238,74,§5214234004234017123423632234§,C:\Users\Oleh\Documents\ProTanki-security\artifacts\swf\decompiled_library\scripts\§catch super§\§5214234004234017123423632234§.as
138698791,76,§else package for§,C:\Users\Oleh\Documents\ProTanki-security\artifacts\swf\decompiled_library\scripts\§5214237521237534123423632234§\§else package for§.as
142177784,71,§throw catch break§,C:\Users\Oleh\Documents\ProTanki-security\artifacts\swf\decompiled_library\scripts\§521423107152310728123423632234§\§throw catch break§.as
147737736,24,§,C:\Users\Oleh\Documents\ProTanki-security\artifacts\swf\decompiled_library\scripts\§5214235827235840123423632234§\§extends const finally§.as
150222118,10,§import package final§,C:\Users\Oleh\Documents\ProTanki-security\artifacts\swf\decompiled_library\scripts\§native true§\§import package final§.as
162656882,40,§521423126612312674123423632234§,C:\Users\Oleh\Documents\ProTanki-security\artifacts\swf\decompiled_library\scripts\§false use if§\§521423126612312674123423632234§.as
178154988,28,§5214231339231352123423632234§,C:\Users\Oleh\Documents\ProTanki-security\artifacts\swf\decompiled_library\scripts\§null switch final§\§5214231339231352123423632234§.as
183561709,64,§5214231339231352123423632234§,C:\Users\Oleh\Documents\ProTanki-security\artifacts\swf\decompiled_library\scripts\§5214232563232576123423632234§\§5214231339231352123423632234§.as
184934482,5,§throw use try§,C:\Users\Oleh\Documents\ProTanki-security\artifacts\swf\decompiled_library\scripts\§521423134842313497123423632234§\§throw use try§.as
201628290,36,§521423362349123423632234§,C:\Users\Oleh\Documents\ProTanki-security\artifacts\swf\decompiled_library\scripts\§function use super§\§521423362349123423632234§.as
228171466,36,§else var switch§,C:\Users\Oleh\Documents\ProTanki-security\artifacts\swf\decompiled_library\scripts\§function use super§\§else var switch§.as
229267683,49,§52142339923412123423632234§,C:\Users\Oleh\Documents\ProTanki-security\artifacts\swf\decompiled_library\scripts\§while use static§\§52142339923412123423632234§.as
244072998,55,§5214238005238018123423632234§,C:\Users\Oleh\Documents\ProTanki-security\artifacts\swf\decompiled_library\scripts\§catch catch get§\§5214238005238018123423632234§.as
259979915,52,§52142367723690123423632234§,C:\Users\Oleh\Documents\ProTanki-security\artifacts\swf\decompiled_library\scripts\§break use include§\§52142367723690123423632234§.as
268832557,39,§5214235041235054123423632234§,C:\Users\Oleh\Documents\ProTanki-security\artifacts\swf\decompiled_library\scripts\§5214237221237234123423632234§\§5214235041235054123423632234§.as
272183855,62,§5214233188233201123423632234§,C:\Users\Oleh\Documents\ProTanki-security\artifacts\swf\decompiled_library\scripts\§in set native§\§5214233188233201123423632234§.as
299028276,74,§function var get§,C:\Users\Oleh\Documents\ProTanki-security\artifacts\swf\decompiled_library\scripts\§catch super§\§function var get§.as
312571157,5,§5214232648232661123423632234§,C:\Users\Oleh\Documents\ProTanki-security\artifacts\swf\decompiled_library\scripts\§521423134842313497123423632234§\§5214232648232661123423632234§.as
321971701,6,§5214231339231352123423632234§,C:\Users\Oleh\Documents\ProTanki-security\artifacts\swf\decompiled_library\scripts\§521423140272314040123423632234§\§5214231339231352123423632234§.as
326032325,19,§get catch case§,C:\Users\Oleh\Documents\ProTanki-security\artifacts\swf\decompiled_library\scripts\§5214234442234455123423632234§\§get catch case§.as
329279865,39,§false for default§,C:\Users\Oleh\Documents\ProTanki-security\artifacts\swf\decompiled_library\scripts\§5214237221237234123423632234§\§false for default§.as
346830254,54,§5214233779233792123423632234§,C:\Users\Oleh\Documents\ProTanki-security\artifacts\swf\decompiled_library\scripts\§native var const§\§5214233779233792123423632234§.as
377959142,17,§use for override§,C:\Users\Oleh\Documents\ProTanki-security\artifacts\swf\decompiled_library\scripts\§521423110712311084123423632234§\§use for override§.as
381067984,55,§5214231359231372123423632234§,C:\Users\Oleh\Documents\ProTanki-security\artifacts\swf\decompiled_library\scripts\§catch catch get§\§5214231359231372123423632234§.as
405171321,79,§throw switch null§,C:\Users\Oleh\Documents\ProTanki-security\artifacts\swf\decompiled_library\scripts\§5214233704233717123423632234§\§throw switch null§.as
415207851,15,§catch const do§,C:\Users\Oleh\Documents\ProTanki-security\artifacts\swf\decompiled_library\scripts\§false set while§\§catch const do§.as
417965410,36,§switch catch dynamic§,C:\Users\Oleh\Documents\ProTanki-security\artifacts\swf\decompiled_library\scripts\§function use super§\§switch catch dynamic§.as
427083290,8,§521423109972311010123423632234§,C:\Users\Oleh\Documents\ProTanki-security\artifacts\swf\decompiled_library\scripts\§switch switch override§\§521423109972311010123423632234§.as
442888643,8,§native switch dynamic§,C:\Users\Oleh\Documents\ProTanki-security\artifacts\swf\decompiled_library\scripts\§switch switch override§\§native switch dynamic§.as
444933603,5,§521423125522312565123423632234§,C:\Users\Oleh\Documents\ProTanki-security\artifacts\swf\decompiled_library\scripts\§521423134842313497123423632234§\§521423125522312565123423632234§.as
446781737,37,§native var final§,C:\Users\Oleh\Documents\ProTanki-security\artifacts\swf\decompiled_library\scripts\§521423129692312982123423632234§\§native var final§.as
459991202,79,§false use class§,C:\Users\Oleh\Documents\ProTanki-security\artifacts\swf\decompiled_library\scripts\§5214233704233717123423632234§\§false use class§.as
463494974,65,§include finally catch§,C:\Users\Oleh\Documents\ProTanki-security\artifacts\swf\decompiled_library\scripts\§5214232933232946123423632234§\§include finally catch§.as
471157826,70,§static switch§,C:\Users\Oleh\Documents\ProTanki-security\artifacts\swf\decompiled_library\scripts\§try set package§\§static switch§.as
504016996,32,§catch function§,C:\Users\Oleh\Documents\ProTanki-security\artifacts\swf\decompiled_library\scripts\§521423125662312579123423632234§\§catch function§.as
509394385,5,§5214236395236408123423632234§,C:\Users\Oleh\Documents\ProTanki-security\artifacts\swf\decompiled_library\scripts\§521423134842313497123423632234§\§5214236395236408123423632234§.as
522993449,37,§5214231339231352123423632234§,C:\Users\Oleh\Documents\ProTanki-security\artifacts\swf\decompiled_library\scripts\§521423129692312982123423632234§\§5214231339231352123423632234§.as
546722394,33,§521423126112312624123423632234§,C:\Users\Oleh\Documents\ProTanki-security\artifacts\swf\decompiled_library\scripts\§throw catch throw§\§521423126112312624123423632234§.as
546849203,49,§class set super§,C:\Users\Oleh\Documents\ProTanki-security\artifacts\swf\decompiled_library\scripts\§while use static§\§class set super§.as
552006706,31,§finally set catch§,C:\Users\Oleh\Documents\ProTanki-security\artifacts\swf\decompiled_library\scripts\§false catch native§\§finally set catch§.as
553380510,13,§5214234791234804123423632234§,C:\Users\Oleh\Documents\ProTanki-security\artifacts\swf\decompiled_library\scripts\§else var set§\§5214234791234804123423632234§.as
560336625,37,§else use final§,C:\Users\Oleh\Documents\ProTanki-security\artifacts\swf\decompiled_library\scripts\§521423129692312982123423632234§\§else use final§.as
561771020,44,§while for case§,C:\Users\Oleh\Documents\ProTanki-security\artifacts\swf\decompiled_library\scripts\§5214231959231972123423632234§\§while for case§.as
566338297,30,§5214239332239345123423632234§,C:\Users\Oleh\Documents\ProTanki-security\artifacts\swf\decompiled_library\scripts\§5214238160238173123423632234§\§5214239332239345123423632234§.as
566652736,30,§521423140192314032123423632234§,C:\Users\Oleh\Documents\ProTanki-security\artifacts\swf\decompiled_library\scripts\§5214238160238173123423632234§\§521423140192314032123423632234§.as
581377054,39,§for return§,C:\Users\Oleh\Documents\ProTanki-security\artifacts\swf\decompiled_library\scripts\§5214237221237234123423632234§\§for return§.as
590892690,76,§catch use include§,C:\Users\Oleh\Documents\ProTanki-security\artifacts\swf\decompiled_library\scripts\§5214237521237534123423632234§\§catch use include§.as
600420685,24,§if return§,C:\Users\Oleh\Documents\ProTanki-security\artifacts\swf\decompiled_library\scripts\§5214235827235840123423632234§\§if return§.as
606668848,61,§5214234119234132123423632234§,C:\Users\Oleh\Documents\ProTanki-security\artifacts\swf\decompiled_library\scripts\§5214239350239363123423632234§\§5214234119234132123423632234§.as
613462801,24,§5214231339231352123423632234§,C:\Users\Oleh\Documents\ProTanki-security\artifacts\swf\decompiled_library\scripts\§5214235827235840123423632234§\§5214231339231352123423632234§.as
614714702,13,§521423109542310967123423632234§,C:\Users\Oleh\Documents\ProTanki-security\artifacts\swf\decompiled_library\scripts\§else var set§\§521423109542310967123423632234§.as
641950429,13,§use catch while§,C:\Users\Oleh\Documents\ProTanki-security\artifacts\swf\decompiled_library\scripts\§else var set§\§use catch while§.as
650923390,13,§const var with§,C:\Users\Oleh\Documents\ProTanki-security\artifacts\swf\decompiled_library\scripts\§else var set§\§const var with§.as
652872053,24,§finally const true§,C:\Users\Oleh\Documents\ProTanki-security\artifacts\swf\decompiled_library\scripts\§5214235827235840123423632234§\§finally const true§.as
655372891,1,§case package false§,C:\Users\Oleh\Documents\ProTanki-security\artifacts\swf\decompiled_library\scripts\§5214238105238118123423632234§\§case package false§.as
668890771,24,§do package for§,C:\Users\Oleh\Documents\ProTanki-security\artifacts\swf\decompiled_library\scripts\§5214235827235840123423632234§\§do package for§.as
689549452,77,§break use false§,C:\Users\Oleh\Documents\ProTanki-security\artifacts\swf\decompiled_library\scripts\§true switch final§\§break use false§.as
696140460,48,§5214237351237364123423632234§,C:\Users\Oleh\Documents\ProTanki-security\artifacts\swf\decompiled_library\scripts\§null in§\§5214237351237364123423632234§.as
705454610,28,§null const function§,C:\Users\Oleh\Documents\ProTanki-security\artifacts\swf\decompiled_library\scripts\§null switch final§\§null const function§.as
714838911,5,§,C:\Users\Oleh\Documents\ProTanki-security\artifacts\swf\decompiled_library\scripts\§521423134842313497123423632234§\§implements use switch§.as
732434644,37,§521423113582311371123423632234§,C:\Users\Oleh\Documents\ProTanki-security\artifacts\swf\decompiled_library\scripts\§521423129692312982123423632234§\§521423113582311371123423632234§.as
744948472,28,§5214234372234385123423632234§,C:\Users\Oleh\Documents\ProTanki-security\artifacts\swf\decompiled_library\scripts\§null switch final§\§5214234372234385123423632234§.as
762959326,9,§521423120142312027123423632234§,C:\Users\Oleh\Documents\ProTanki-security\artifacts\swf\decompiled_library\scripts\§521423122732312286123423632234§\§521423120142312027123423632234§.as
789790814,42,§5214231339231352123423632234§,C:\Users\Oleh\Documents\ProTanki-security\artifacts\swf\decompiled_library\scripts\§extends use finally§\§5214231339231352123423632234§.as
802300608,31,§5214233294233307123423632234§,C:\Users\Oleh\Documents\ProTanki-security\artifacts\swf\decompiled_library\scripts\§false catch native§\§5214233294233307123423632234§.as
809822533,19,§do var,C:\Users\Oleh\Documents\ProTanki-security\artifacts\swf\decompiled_library\scripts\§5214234442234455123423632234§\§do var extends§.as
810713262,15,§default use do§,C:\Users\Oleh\Documents\ProTanki-security\artifacts\swf\decompiled_library\scripts\§false set while§\§default use do§.as
814687528,15,§package switch use§,C:\Users\Oleh\Documents\ProTanki-security\artifacts\swf\decompiled_library\scripts\§false set while§\§package switch use§.as
819097883,79,§each for else§,C:\Users\Oleh\Documents\ProTanki-security\artifacts\swf\decompiled_library\scripts\§5214233704233717123423632234§\§each for else§.as
832270655,76,§5214231339231352123423632234§,C:\Users\Oleh\Documents\ProTanki-security\artifacts\swf\decompiled_library\scripts\§5214237521237534123423632234§\§5214231339231352123423632234§.as
834877801,15,§5214231339231352123423632234§,C:\Users\Oleh\Documents\ProTanki-security\artifacts\swf\decompiled_library\scripts\§false set while§\§5214231339231352123423632234§.as
837875576,13,§final for each§,C:\Users\Oleh\Documents\ProTanki-security\artifacts\swf\decompiled_library\scripts\§else var set§\§final for each§.as
843751647,50,§try const break§,C:\Users\Oleh\Documents\ProTanki-security\artifacts\swf\decompiled_library\scripts\§extends use switch§\§try const break§.as
850220815,23,§while finally function§,C:\Users\Oleh\Documents\ProTanki-security\artifacts\swf\decompiled_library\scripts\§throw package super§\§while finally function§.as
855420488,21,§521423115392311552123423632234§,C:\Users\Oleh\Documents\ProTanki-security\artifacts\swf\decompiled_library\scripts\§5214239385239398123423632234§\§521423115392311552123423632234§.as
862913394,48,§case switch true§,C:\Users\Oleh\Documents\ProTanki-security\artifacts\swf\decompiled_library\scripts\§null in§\§case switch true§.as
870278784,36,§5214239723239736123423632234§,C:\Users\Oleh\Documents\ProTanki-security\artifacts\swf\decompiled_library\scripts\§function use super§\§5214239723239736123423632234§.as
875259457,39,§import var var§,C:\Users\Oleh\Documents\ProTanki-security\artifacts\swf\decompiled_library\scripts\§5214237221237234123423632234§\§import var var§.as
880756819,16,§5214239590239603123423632234§,C:\Users\Oleh\Documents\ProTanki-security\artifacts\swf\decompiled_library\scripts\§52142339423407123423632234§\§5214239590239603123423632234§.as
885055495,19,§override use catch§,C:\Users\Oleh\Documents\ProTanki-security\artifacts\swf\decompiled_library\scripts\§5214234442234455123423632234§\§override use catch§.as
903498755,9,§5214235798235811123423632234§,C:\Users\Oleh\Documents\ProTanki-security\artifacts\swf\decompiled_library\scripts\§521423122732312286123423632234§\§5214235798235811123423632234§.as
907073245,10,§521423111732311186123423632234§,C:\Users\Oleh\Documents\ProTanki-security\artifacts\swf\decompiled_library\scripts\§native true§\§521423111732311186123423632234§.as
921004371,75,§5214231159231172123423632234§,C:\Users\Oleh\Documents\ProTanki-security\artifacts\swf\decompiled_library\scripts\§521423100822310095123423632234§\§5214231159231172123423632234§.as
924070374,79,§set use override§,C:\Users\Oleh\Documents\ProTanki-security\artifacts\swf\decompiled_library\scripts\§5214233704233717123423632234§\§set use override§.as
930618015,63,§5214231339231352123423632234§,C:\Users\Oleh\Documents\ProTanki-security\artifacts\swf\decompiled_library\scripts\§5214236058236071123423632234§\§5214231339231352123423632234§.as
932564569,1,§finally set§,C:\Users\Oleh\Documents\ProTanki-security\artifacts\swf\decompiled_library\scripts\§5214238105238118123423632234§\§finally set§.as
945463181,61,§null const function§,C:\Users\Oleh\Documents\ProTanki-security\artifacts\swf\decompiled_library\scripts\§5214239350239363123423632234§\§null const function§.as
947161947,30,§521423132702313283123423632234§,C:\Users\Oleh\Documents\ProTanki-security\artifacts\swf\decompiled_library\scripts\§5214238160238173123423632234§\§521423132702313283123423632234§.as
947733823,79,§include switch,C:\Users\Oleh\Documents\ProTanki-security\artifacts\swf\decompiled_library\scripts\§5214233704233717123423632234§\§include switch implements§.as
956252237,19,§package final§,C:\Users\Oleh\Documents\ProTanki-security\artifacts\swf\decompiled_library\scripts\§5214234442234455123423632234§\§package final§.as
958509220,52,§static switch§,C:\Users\Oleh\Documents\ProTanki-security\artifacts\swf\decompiled_library\scripts\§break use include§\§static switch§.as
979099084,56,§5214234004234017123423632234§,C:\Users\Oleh\Documents\ProTanki-security\artifacts\swf\decompiled_library\scripts\§521423131802313193123423632234§\§5214234004234017123423632234§.as
981035905,55,§class for native§,C:\Users\Oleh\Documents\ProTanki-security\artifacts\swf\decompiled_library\scripts\§catch catch get§\§class for native§.as
988664577,40,§5214234771234784123423632234§,C:\Users\Oleh\Documents\ProTanki-security\artifacts\swf\decompiled_library\scripts\§false use if§\§5214234771234784123423632234§.as
1003297349,8,§5214234494234507123423632234§,C:\Users\Oleh\Documents\ProTanki-security\artifacts\swf\decompiled_library\scripts\§switch switch override§\§5214234494234507123423632234§.as
1010729260,79,§in package const§,C:\Users\Oleh\Documents\ProTanki-security\artifacts\swf\decompiled_library\scripts\§5214233704233717123423632234§\§in package const§.as
1015650019,15,§,C:\Users\Oleh\Documents\ProTanki-security\artifacts\swf\decompiled_library\scripts\§false set while§\§implements set dynamic§.as
1044854075,41,§,C:\Users\Oleh\Documents\ProTanki-security\artifacts\swf\decompiled_library\scripts\§52142364623659123423632234§\§extends set for§.as
1061006142,48,§set use try§,C:\Users\Oleh\Documents\ProTanki-security\artifacts\swf\decompiled_library\scripts\§null in§\§set use try§.as
1083705823,8,§each for else§,C:\Users\Oleh\Documents\ProTanki-security\artifacts\swf\decompiled_library\scripts\§switch switch override§\§each for else§.as
1091756732,34,§52142367123684123423632234§,C:\Users\Oleh\Documents\ProTanki-security\artifacts\swf\decompiled_library\scripts\§521423114382311451123423632234§\§52142367123684123423632234§.as
1118835050,12,§with use function§,C:\Users\Oleh\Documents\ProTanki-security\artifacts\swf\decompiled_library\scripts\§5214236695236708123423632234§\§with use function§.as
1132011721,14,§5214239880239893123423632234§,C:\Users\Oleh\Documents\ProTanki-security\artifacts\swf\decompiled_library\scripts\§extends switch native§\§5214239880239893123423632234§.as
1147113344,53,§include for if§,C:\Users\Oleh\Documents\ProTanki-security\artifacts\swf\decompiled_library\scripts\§5214238669238682123423632234§\§include for if§.as
1149131596,32,§521423103122310325123423632234§,C:\Users\Oleh\Documents\ProTanki-security\artifacts\swf\decompiled_library\scripts\§521423125662312579123423632234§\§521423103122310325123423632234§.as
1149211509,37,§while catch get§,C:\Users\Oleh\Documents\ProTanki-security\artifacts\swf\decompiled_library\scripts\§521423129692312982123423632234§\§while catch get§.as
1152865919,15,§521423103292310342123423632234§,C:\Users\Oleh\Documents\ProTanki-security\artifacts\swf\decompiled_library\scripts\§false set while§\§521423103292310342123423632234§.as
1152930968,14,§each finally const§,C:\Users\Oleh\Documents\ProTanki-security\artifacts\swf\decompiled_library\scripts\§extends switch native§\§each finally const§.as
1153801756,17,§with use final§,C:\Users\Oleh\Documents\ProTanki-security\artifacts\swf\decompiled_library\scripts\§521423110712311084123423632234§\§with use final§.as
1156768699,38,§52142356123574123423632234§,C:\Users\Oleh\Documents\ProTanki-security\artifacts\swf\decompiled_library\scripts\§5214236431236444123423632234§\§52142356123574123423632234§.as
1159058397,77,§5214235005235018123423632234§,C:\Users\Oleh\Documents\ProTanki-security\artifacts\swf\decompiled_library\scripts\§true switch final§\§5214235005235018123423632234§.as
1178028365,39,§static for package§,C:\Users\Oleh\Documents\ProTanki-security\artifacts\swf\decompiled_library\scripts\§5214237221237234123423632234§\§static for package§.as
1184835319,50,§try const catch§,C:\Users\Oleh\Documents\ProTanki-security\artifacts\swf\decompiled_library\scripts\§extends use switch§\§try const catch§.as
1200280053,7,§521423139292313942123423632234§,C:\Users\Oleh\Documents\ProTanki-security\artifacts\swf\decompiled_library\scripts\§in var each§\§521423139292313942123423632234§.as
1211186637,34,§,C:\Users\Oleh\Documents\ProTanki-security\artifacts\swf\decompiled_library\scripts\§521423114382311451123423632234§\§implements const§.as
1212381771,57,§5214232639232652123423632234§,C:\Users\Oleh\Documents\ProTanki-security\artifacts\swf\decompiled_library\scripts\§5214232554232567123423632234§\§5214232639232652123423632234§.as
1224288585,50,§5214235754235767123423632234§,C:\Users\Oleh\Documents\ProTanki-security\artifacts\swf\decompiled_library\scripts\§extends use switch§\§5214235754235767123423632234§.as
1227293080,19,§native finally dynamic§,C:\Users\Oleh\Documents\ProTanki-security\artifacts\swf\decompiled_library\scripts\§5214234442234455123423632234§\§native finally dynamic§.as
1229594925,33,§5214236885236898123423632234§,C:\Users\Oleh\Documents\ProTanki-security\artifacts\swf\decompiled_library\scripts\§throw catch throw§\§5214236885236898123423632234§.as
1229701582,53,§5214237628237641123423632234§,C:\Users\Oleh\Documents\ProTanki-security\artifacts\swf\decompiled_library\scripts\§5214238669238682123423632234§\§5214237628237641123423632234§.as
1243673979,3,§continue use false§,C:\Users\Oleh\Documents\ProTanki-security\artifacts\swf\decompiled_library\scripts\§throw package override§\§continue use false§.as
1249639251,37,§521423137922313805123423632234§,C:\Users\Oleh\Documents\ProTanki-security\artifacts\swf\decompiled_library\scripts\§521423129692312982123423632234§\§521423137922313805123423632234§.as
1259981343,61,§5214239456239469123423632234§,C:\Users\Oleh\Documents\ProTanki-security\artifacts\swf\decompiled_library\scripts\§5214239350239363123423632234§\§5214239456239469123423632234§.as
1262947513,37,§521423139452313958123423632234§,C:\Users\Oleh\Documents\ProTanki-security\artifacts\swf\decompiled_library\scripts\§521423129692312982123423632234§\§521423139452313958123423632234§.as
1271163230,6,§521423122852312298123423632234§,C:\Users\Oleh\Documents\ProTanki-security\artifacts\swf\decompiled_library\scripts\§521423140272314040123423632234§\§521423122852312298123423632234§.as
1286861380,13,§521423132212313234123423632234§,C:\Users\Oleh\Documents\ProTanki-security\artifacts\swf\decompiled_library\scripts\§else var set§\§521423132212313234123423632234§.as
1312986424,24,§5214231226231239123423632234§,C:\Users\Oleh\Documents\ProTanki-security\artifacts\swf\decompiled_library\scripts\§5214235827235840123423632234§\§5214231226231239123423632234§.as
1318061480,34,§class catch static§,C:\Users\Oleh\Documents\ProTanki-security\artifacts\swf\decompiled_library\scripts\§521423114382311451123423632234§\§class catch static§.as
1327826221,79,§521423135932313606123423632234§,C:\Users\Oleh\Documents\ProTanki-security\artifacts\swf\decompiled_library\scripts\§5214233704233717123423632234§\§521423135932313606123423632234§.as
1333088437,57,§5214234004234017123423632234§,C:\Users\Oleh\Documents\ProTanki-security\artifacts\swf\decompiled_library\scripts\§5214232554232567123423632234§\§5214234004234017123423632234§.as
1382076950,65,§class switch set§,C:\Users\Oleh\Documents\ProTanki-security\artifacts\swf\decompiled_library\scripts\§5214232933232946123423632234§\§class switch set§.as
1383159023,15,§5214235951235964123423632234§,C:\Users\Oleh\Documents\ProTanki-security\artifacts\swf\decompiled_library\scripts\§false set while§\§5214235951235964123423632234§.as
1387974401,62,§5214235369235382123423632234§,C:\Users\Oleh\Documents\ProTanki-security\artifacts\swf\decompiled_library\scripts\§in set native§\§5214235369235382123423632234§.as
1391146385,11,§const for while§,C:\Users\Oleh\Documents\ProTanki-security\artifacts\swf\decompiled_library\scripts\§return const native§\§const for while§.as
1395251766,57,§throw const null§,C:\Users\Oleh\Documents\ProTanki-security\artifacts\swf\decompiled_library\scripts\§5214232554232567123423632234§\§throw const null§.as
1405859779,11,§5214234850234863123423632234§,C:\Users\Oleh\Documents\ProTanki-security\artifacts\swf\decompiled_library\scripts\§return const native§\§5214234850234863123423632234§.as
1411656080,44,§false use continue§,C:\Users\Oleh\Documents\ProTanki-security\artifacts\swf\decompiled_library\scripts\§5214231959231972123423632234§\§false use continue§.as
1417347634,19,§5214232843232856123423632234§,C:\Users\Oleh\Documents\ProTanki-security\artifacts\swf\decompiled_library\scripts\§5214234442234455123423632234§\§5214232843232856123423632234§.as
1422563374,13,§5214231192231205123423632234§,C:\Users\Oleh\Documents\ProTanki-security\artifacts\swf\decompiled_library\scripts\§else var set§\§5214231192231205123423632234§.as
1428217189,33,§5214236220236233123423632234§,C:\Users\Oleh\Documents\ProTanki-security\artifacts\swf\decompiled_library\scripts\§throw catch throw§\§5214236220236233123423632234§.as
1433937811,41,§521423119472311960123423632234§,C:\Users\Oleh\Documents\ProTanki-security\artifacts\swf\decompiled_library\scripts\§52142364623659123423632234§\§521423119472311960123423632234§.as
1441234714,13,§521423115392311552123423632234§,C:\Users\Oleh\Documents\ProTanki-security\artifacts\swf\decompiled_library\scripts\§else var set§\§521423115392311552123423632234§.as
1447082276,23,§if const with§,C:\Users\Oleh\Documents\ProTanki-security\artifacts\swf\decompiled_library\scripts\§throw package super§\§if const with§.as
1447204641,32,§break switch continue§,C:\Users\Oleh\Documents\ProTanki-security\artifacts\swf\decompiled_library\scripts\§521423125662312579123423632234§\§break switch continue§.as
1452181070,17,§for const§,C:\Users\Oleh\Documents\ProTanki-security\artifacts\swf\decompiled_library\scripts\§521423110712311084123423632234§\§for const§.as
1459211021,54,§for set class§,C:\Users\Oleh\Documents\ProTanki-security\artifacts\swf\decompiled_library\scripts\§native var const§\§for set class§.as
1470597926,49,§5214231274231287123423632234§,C:\Users\Oleh\Documents\ProTanki-security\artifacts\swf\decompiled_library\scripts\§while use static§\§5214231274231287123423632234§.as
1478921140,49,§for var super§,C:\Users\Oleh\Documents\ProTanki-security\artifacts\swf\decompiled_library\scripts\§while use static§\§for var super§.as
1480924803,8,§do var false§,C:\Users\Oleh\Documents\ProTanki-security\artifacts\swf\decompiled_library\scripts\§switch switch override§\§do var false§.as
1484572481,45,§function catch finally§,C:\Users\Oleh\Documents\ProTanki-security\artifacts\swf\decompiled_library\scripts\§5214238729238742123423632234§\§function catch finally§.as
1501310158,52,§5214234700234713123423632234§,C:\Users\Oleh\Documents\ProTanki-security\artifacts\swf\decompiled_library\scripts\§break use include§\§5214234700234713123423632234§.as
1516578027,39,§521423135992313612123423632234§,C:\Users\Oleh\Documents\ProTanki-security\artifacts\swf\decompiled_library\scripts\§5214237221237234123423632234§\§521423135992313612123423632234§.as
1532749363,61,§class const static§,C:\Users\Oleh\Documents\ProTanki-security\artifacts\swf\decompiled_library\scripts\§5214239350239363123423632234§\§class const static§.as
1533026019,79,§5214233167233180123423632234§,C:\Users\Oleh\Documents\ProTanki-security\artifacts\swf\decompiled_library\scripts\§5214233704233717123423632234§\§5214233167233180123423632234§.as
1534651002,33,§else use final§,C:\Users\Oleh\Documents\ProTanki-security\artifacts\swf\decompiled_library\scripts\§throw catch throw§\§else use final§.as
1544223090,24,§5214234980234993123423632234§,C:\Users\Oleh\Documents\ProTanki-security\artifacts\swf\decompiled_library\scripts\§5214235827235840123423632234§\§5214234980234993123423632234§.as
1561014187,33,§521423109302310943123423632234§,C:\Users\Oleh\Documents\ProTanki-security\artifacts\swf\decompiled_library\scripts\§throw catch throw§\§521423109302310943123423632234§.as
1566424318,69,§5214233670233683123423632234§,C:\Users\Oleh\Documents\ProTanki-security\artifacts\swf\decompiled_library\scripts\§5214237258237271123423632234§\§5214233670233683123423632234§.as
1570555748,9,§5214233673233686123423632234§,C:\Users\Oleh\Documents\ProTanki-security\artifacts\swf\decompiled_library\scripts\§521423122732312286123423632234§\§5214233673233686123423632234§.as
1579425801,19,§521423110352311048123423632234§,C:\Users\Oleh\Documents\ProTanki-security\artifacts\swf\decompiled_library\scripts\§5214234442234455123423632234§\§521423110352311048123423632234§.as
1587315905,76,§521423111672311180123423632234§,C:\Users\Oleh\Documents\ProTanki-security\artifacts\swf\decompiled_library\scripts\§5214237521237534123423632234§\§521423111672311180123423632234§.as
1591528838,79,§5214232806232819123423632234§,C:\Users\Oleh\Documents\ProTanki-security\artifacts\swf\decompiled_library\scripts\§5214233704233717123423632234§\§5214232806232819123423632234§.as
1630934941,77,§5214237388237401123423632234§,C:\Users\Oleh\Documents\ProTanki-security\artifacts\swf\decompiled_library\scripts\§true switch final§\§5214237388237401123423632234§.as
1632423559,50,§,C:\Users\Oleh\Documents\ProTanki-security\artifacts\swf\decompiled_library\scripts\§extends use switch§\§implements set function§.as
1642608662,19,§true use function§,C:\Users\Oleh\Documents\ProTanki-security\artifacts\swf\decompiled_library\scripts\§5214234442234455123423632234§\§true use function§.as
1690491826,52,§class set super§,C:\Users\Oleh\Documents\ProTanki-security\artifacts\swf\decompiled_library\scripts\§break use include§\§class set super§.as
1711371907,20,§521423136742313687123423632234§,C:\Users\Oleh\Documents\ProTanki-security\artifacts\swf\decompiled_library\scripts\§var finally§\§521423136742313687123423632234§.as
1716773193,13,§5214231800231813123423632234§,C:\Users\Oleh\Documents\ProTanki-security\artifacts\swf\decompiled_library\scripts\§else var set§\§5214231800231813123423632234§.as
1719707347,39,§super catch import§,C:\Users\Oleh\Documents\ProTanki-security\artifacts\swf\decompiled_library\scripts\§5214237221237234123423632234§\§super catch import§.as
1744584433,9,§5214234584234597123423632234§,C:\Users\Oleh\Documents\ProTanki-security\artifacts\swf\decompiled_library\scripts\§521423122732312286123423632234§\§5214234584234597123423632234§.as
1746762585,71,§5214231339231352123423632234§,C:\Users\Oleh\Documents\ProTanki-security\artifacts\swf\decompiled_library\scripts\§521423107152310728123423632234§\§5214231339231352123423632234§.as
1758551995,80,§5214231339231352123423632234§,C:\Users\Oleh\Documents\ProTanki-security\artifacts\swf\decompiled_library\scripts\§false for switch§\§5214231339231352123423632234§.as
1765029653,67,§finally switch package§,C:\Users\Oleh\Documents\ProTanki-security\artifacts\swf\decompiled_library\scripts\§override for const§\§finally switch package§.as
1768449810,19,§var use use§,C:\Users\Oleh\Documents\ProTanki-security\artifacts\swf\decompiled_library\scripts\§5214234442234455123423632234§\§var use use§.as
1771456254,24,§package package break§,C:\Users\Oleh\Documents\ProTanki-security\artifacts\swf\decompiled_library\scripts\§5214235827235840123423632234§\§package package break§.as
1774907609,18,§with package get§,C:\Users\Oleh\Documents\ProTanki-security\artifacts\swf\decompiled_library\scripts\§if set case§\§with package get§.as
1794372798,74,§try set§,C:\Users\Oleh\Documents\ProTanki-security\artifacts\swf\decompiled_library\scripts\§catch super§\§try set§.as
1817559787,71,§521423128042312817123423632234§,C:\Users\Oleh\Documents\ProTanki-security\artifacts\swf\decompiled_library\scripts\§521423107152310728123423632234§\§521423128042312817123423632234§.as
1831462385,36,§521423136142313627123423632234§,C:\Users\Oleh\Documents\ProTanki-security\artifacts\swf\decompiled_library\scripts\§function use super§\§521423136142313627123423632234§.as
1863710730,16,§5214231339231352123423632234§,C:\Users\Oleh\Documents\ProTanki-security\artifacts\swf\decompiled_library\scripts\§52142339423407123423632234§\§5214231339231352123423632234§.as
1868573511,39,§5214236346236359123423632234§,C:\Users\Oleh\Documents\ProTanki-security\artifacts\swf\decompiled_library\scripts\§5214237221237234123423632234§\§5214236346236359123423632234§.as
1870342869,75,§5214232987233000123423632234§,C:\Users\Oleh\Documents\ProTanki-security\artifacts\swf\decompiled_library\scripts\§521423100822310095123423632234§\§5214232987233000123423632234§.as
1913571122,79,§include for set§,C:\Users\Oleh\Documents\ProTanki-security\artifacts\swf\decompiled_library\scripts\§5214233704233717123423632234§\§include for set§.as
1924874982,33,§get switch finally§,C:\Users\Oleh\Documents\ProTanki-security\artifacts\swf\decompiled_library\scripts\§throw catch throw§\§get switch finally§.as
1925237062,42,§521423128042312817123423632234§,C:\Users\Oleh\Documents\ProTanki-security\artifacts\swf\decompiled_library\scripts\§extends use finally§\§521423128042312817123423632234§.as
1927704181,39,§5214238736238749123423632234§,C:\Users\Oleh\Documents\ProTanki-security\artifacts\swf\decompiled_library\scripts\§5214237221237234123423632234§\§5214238736238749123423632234§.as
1928355480,24,§521423118572311870123423632234§,C:\Users\Oleh\Documents\ProTanki-security\artifacts\swf\decompiled_library\scripts\§5214235827235840123423632234§\§521423118572311870123423632234§.as
1941352088,71,§521423112324123423632234§,C:\Users\Oleh\Documents\ProTanki-security\artifacts\swf\decompiled_library\scripts\§521423107152310728123423632234§\§521423112324123423632234§.as
1941694508,18,§do switch get§,C:\Users\Oleh\Documents\ProTanki-security\artifacts\swf\decompiled_library\scripts\§if set case§\§do switch get§.as
1953272681,37,§5214234302234315123423632234§,C:\Users\Oleh\Documents\ProTanki-security\artifacts\swf\decompiled_library\scripts\§521423129692312982123423632234§\§5214234302234315123423632234§.as
1961542160,75,§521423127012312714123423632234§,C:\Users\Oleh\Documents\ProTanki-security\artifacts\swf\decompiled_library\scripts\§521423100822310095123423632234§\§521423127012312714123423632234§.as
1989173907,29,§52142380623819123423632234§,C:\Users\Oleh\Documents\ProTanki-security\artifacts\swf\decompiled_library\scripts\§5214235933235946123423632234§\§52142380623819123423632234§.as
1993050216,28,§5214235042235055123423632234§,C:\Users\Oleh\Documents\ProTanki-security\artifacts\swf\decompiled_library\scripts\§null switch final§\§5214235042235055123423632234§.as
2001632000,55,§521423136002313613123423632234§,C:\Users\Oleh\Documents\ProTanki-security\artifacts\swf\decompiled_library\scripts\§catch catch get§\§521423136002313613123423632234§.as
2001736388,4,§null continue§,C:\Users\Oleh\Documents\ProTanki-security\artifacts\swf\decompiled_library\scripts\§521423113572311370123423632234§\§null continue§.as
2011860838,32,§521423109302310943123423632234§,C:\Users\Oleh\Documents\ProTanki-security\artifacts\swf\decompiled_library\scripts\§521423125662312579123423632234§\§521423109302310943123423632234§.as
2029312880,24,§521423137742313787123423632234§,C:\Users\Oleh\Documents\ProTanki-security\artifacts\swf\decompiled_library\scripts\§5214235827235840123423632234§\§521423137742313787123423632234§.as
2032104949,43,§5214238540238553123423632234§,C:\Users\Oleh\Documents\ProTanki-security\artifacts\swf\decompiled_library\scripts\§default set include§\§5214238540238553123423632234§.as
2040021062,44,§case switch true§,C:\Users\Oleh\Documents\ProTanki-security\artifacts\swf\decompiled_library\scripts\§5214231959231972123423632234§\§case switch true§.as
2041223590,79,§for package else§,C:\Users\Oleh\Documents\ProTanki-security\artifacts\swf\decompiled_library\scripts\§5214233704233717123423632234§\§for package else§.as
2041598093,18,§521423109872311000123423632234§,C:\Users\Oleh\Documents\ProTanki-security\artifacts\swf\decompiled_library\scripts\§if set case§\§521423109872311000123423632234§.as
2062201643,34,§5214232475232488123423632234§,C:\Users\Oleh\Documents\ProTanki-security\artifacts\swf\decompiled_library\scripts\§521423114382311451123423632234§\§5214232475232488123423632234§.as
2064692768,13,§521423136762313689123423632234§,C:\Users\Oleh\Documents\ProTanki-security\artifacts\swf\decompiled_library\scripts\§else var set§\§521423136762313689123423632234§.as
2073319841,79,§switch for function§,C:\Users\Oleh\Documents\ProTanki-security\artifacts\swf\decompiled_library\scripts\§5214233704233717123423632234§\§switch for function§.as
2074243318,46,§function catch finally§,C:\Users\Oleh\Documents\ProTanki-security\artifacts\swf\decompiled_library\scripts\§static package in§\§function catch finally§.as
2092412133,31,§5214237104237117123423632234§,C:\Users\Oleh\Documents\ProTanki-security\artifacts\swf\decompiled_library\scripts\§false catch native§\§5214237104237117123423632234§.as
2094741924,73,§5214231339231352123423632234§,C:\Users\Oleh\Documents\ProTanki-security\artifacts\swf\decompiled_library\scripts\§521423130242313037123423632234§\§5214231339231352123423632234§.as
2098576423,22,§5214237190237203123423632234§,C:\Users\Oleh\Documents\ProTanki-security\artifacts\swf\decompiled_library\scripts\§5214236404236417123423632234§\§5214237190237203123423632234§.as
2116086491,29,§try static§,C:\Users\Oleh\Documents\ProTanki-security\artifacts\swf\decompiled_library\scripts\§5214235933235946123423632234§\§try static§.as
2128281231,70,§521423133782313391123423632234§,C:\Users\Oleh\Documents\ProTanki-security\artifacts\swf\decompiled_library\scripts\§try set package§\§521423133782313391123423632234§.as
2145091885,24,§5214237819237832123423632234§,C:\Users\Oleh\Documents\ProTanki-security\artifacts\swf\decompiled_library\scripts\§5214235827235840123423632234§\§5214237819237832123423632234§.as
